speaker	speakers_job	state_info	party_affiliation	barely_true_cnt	false_cnt	half_true_cnt	mostly_true_cnt	pants_on_fire_cnt	true_cnt
barack-obama	President	Illinois	democrat	56	70	124	130	8	105
blog-posting			none	7	13	2	4	31	2
charlie-crist		Florida	democrat	10	14	20	14	1	11
robin-vos	Wisconsin Assembly speaker	Wisconsin	republican	0	3	3	3	1	1
republican-party-texas		Texas	republican	3	0	0	3	1	1
oregon-lottery			organization	0	0	1	0	1	0
robert-menendez	U.S. Senator	New Jersey	democrat	0	3	1	3	0	4
bernie-s	U.S. Senator	Vermont	independent	15	9	21	30	0	14
mitt-romney	Former governor	Massachusetts	republican	27	28	49	29	17	30
doonesbury			none	0	0	1	4	0	0
george-will	Columnist	Maryland	columnist	4	6	2	3	1	9
national-republican-congressional-committee			republican	16	7	8	5	7	3
gwen-moore	U.S. House member -- 4th District	Wisconsin	democrat	3	3	3	3	1	4
jack-lew	Treasury secretary 	Washington, D.C. 	democrat	0	1	0	1	0	0
dennis-richardson	state representative	Oregon	republican	0	3	0	2	0	1
eric-bolling	Co-host on Fox News Channel's "The Five"		none	0	0	1	1	0	0
hillary-clinton	Presidential candidate	New York	democrat	30	27	51	65	6	60
greater-wisconsin-political-fund		Wisconsin	none	2	3	1	0	1	2
nancy-pelosi	House Minority Leader	California	democrat	2	4	11	0	3	3
ted-nugent	musician	Texas	republican	0	0	1	0	2	0
pamela-geller	President of American Freedom Defense Intitiative	New York	activist	0	1	1	0	0	0
peter-kinder	Lieutenant governor	Missouri	republican	0	0	0	1	1	1
shelley-moore-capito	U.S. House of Representative	West Virginia	republican	1	1	0	0	0	0
rick-scott	Governor	Florida	republican	18	19	30	28	7	13
tom-cotton	U.S. House of Representatives	Arkansas	republican	3	3	1	3	1	0
ted-cruz	Senator	Texas	republican	30	25	12	14	6	6
lee-leffingwell	Austin mayor	Texas	democrat	1	0	4	1	0	2
kelly-ayotte	U.S. Senator	New Hampshire	republican	2	1	0	3	0	3
marco-rubio	U.S. Senator	Florida	republican	26	21	28	24	2	16
keep-promise-1-pac			republican	0	1	1	0	0	0
rachel-maddow	MSNBC host		none	5	5	2	4	1	3
jerry-patterson	state land commissioner	Texas	republican	1	1	1	3	0	2
chain-email			none	9	34	8	5	82	4
john-boehner	Speaker of the House of Representatives	Ohio	republican	8	14	8	4	2	14
rick-perry	Governor	Texas	republican	23	29	36	17	16	21
national-republican-senatorial-committee			republican	7	3	7	2	5	0
ken-cuccinelli	Attorney General	Virginia	republican	0	10	3	2	1	2
andrew-cuomo	Governor	New York	democrat	1	0	0	1	0	3
sid-miller	State agriculture commissioner	Texas	republican	1	2	2	0	1	1
jim-barksdale	Senate Candidate	Georgia	democrat	0	0	2	0	0	0
donald-trump	President-Elect	New York	republican	48	102	39	27	52	6
john-mccain	U.S. senator	Arizona	republican	23	33	27	30	6	29
battleground-texas		Texas	democrat	0	0	0	1	0	1
michelle-obama		Illinois	democrat	0	2	1	4	0	2
rudy-giuliani	Attorney	New York	republican	6	9	8	6	2	5
john-barrasso	Senator	Wyoming	republican	1	0	0	0	0	1
empower-texans		Texas	none	1	0	0	1	0	0
john-depetro	Talk-show host	Rhode Island	talk-show-host	0	3	0	0	2	0
garnet-coleman	president, ceo of Apartments for America, Inc.	Texas	democrat	1	0	1	0	1	1
terry-mcauliffe	Governor	Virginia	democrat	10	6	2	2	3	6
elena-kagan	U.S. solicitor general	New York	democrat	0	1	1	0	0	0
republican-party-florida			republican	10	3	4	4	3	2
maurice-ferre	Former mayor of Miami	Florida	democrat	1	0	1	0	0	1
jeanne-shaheen	Senator	New Hampshire	democrat	2	0	4	0	0	2
karl-rove		Texas	republican	1	4	2	6	0	0
gwen-graham		Florida	democrat	0	0	1	0	0	1
bill-white	Former mayor of Houston	Texas	democrat	1	3	4	5	2	4
bob-goodlatte	U.S. Congressman	Virginia	republican	0	1	3	3	0	2
cory-booker	U.S. senator	New Jersey	democrat	0	3	2	7	0	6
joe-biden	U.S. senator	Delaware	democrat	10	10	18	11	3	11
florida-democratic-party		Florida	democrat	3	4	2	3	3	3
robert-sarvis	lawyer, businessman	Virginia	libertarian	0	0	0	1	0	1
will-weatherford	State Representative	Florida	republican	2	3	4	3	0	0
mark-shields	Columnist and commentator	Washington, D.C.	none	1	0	0	0	0	1
brady-campaign-prevent-gun-violence			none	1	1	0	0	0	0
alison-lundergan-grimes	Secretary of State	Kentucky	democrat	2	2	2	1	0	0
mitch-mcconnell	Senate minority leader	Kentucky	republican	6	7	5	6	0	1
frank-caprio	R.I. General Treasurer	Rhode Island	democrat	0	0	4	0	0	0
david-scott	Congressman 	Georgia	democrat	0	0	2	0	0	0
scott-walker	Milwaukee County Executive	Wisconsin	republican	23	35	29	34	8	21
ron-johnson		Wisconsin	republican	10	7	8	7	1	4
donna-brazile	Political commentator	Washington, D.C.	democrat	0	1	3	7	0	0
paul-ryan	U.S. Representative	Wisconsin	republican	13	6	15	11	2	9
adam-hasner		Florida	republican	1	1	4	2	0	1
mark-pocan	State Assembly member, 78th District	Wisconsin	democrat	0	2	2	2	0	1
kathleen-sebelius	U.S. Health and Human Services Secretary	Kansas	democrat	1	0	1	3	1	0
bruce-elfant	Constable, Travis County, Precinct 5	Texas	democrat	0	0	0	1	0	2
alex-sink		Florida	democrat	0	2	2	4	0	9
government-not-god-pac			none	1	2	0	0	3	0
joe-scarborough	Host of a morning show on MSNBC		none	1	3	2	3	0	1
david-jolly		Florida	republican	4	0	0	1	0	2
jon-keyser		Colorado	republican	0	1	0	0	1	0
sean-hannity	Radio/TV host		none	2	4	2	2	1	4
rush-limbaugh	Radio host		none	9	10	4	2	10	0
john-robitaille		Rhode Island	republican	0	1	2	0	0	2
patricia-morgan	Financial adviser	Rhode Island	republican	1	0	0	1	0	0
dave-brat	College professor	Virginia	republican	2	3	0	2	0	2
mark-warner	U.S. Senator	Virginia	democrat	3	1	5	2	0	8
rob-portman	U.S. senator from Ohio	Ohio	republican	2	4	7	9	1	11
john-cornyn	Senator	Texas	republican	4	3	6	2	1	7
louie-gohmert	U.S. House member	Texas	republican	2	4	1	0	1	0
democratic-congressional-campaign-committee			democrat	9	7	3	0	7	0
texas-right-life		Texas	none	0	2	2	0	0	0
armond-budish	Minority leader in the Ohio House of Representatives	Ohio	democrat	0	1	1	2	0	1
jeff-kruse	state senator	Oregon	republican	0	0	1	0	2	0
mike-haridopolos	Florida Senate President	Florida	republican	0	3	1	1	0	1
kendrick-meek		Florida	democrat	2	5	1	4	0	4
americans-united-change			none	1	3	3	0	0	0
eric-cantor	House Majority Leader	Virginia	republican	6	6	2	3	2	4
ron-paul	U.S. representative	Texas	republican	4	7	4	7	3	6
gary-johnson	Presidential candidate	New Mexico	libertarian	3	2	5	5	0	0
stephen-sweeney	State Senator		democrat	1	2	2	1	0	2
sheldon-whitehouse	U.S. Senator	Rhode Island	democrat	2	3	1	5	0	9
pat-quinn	Governor	Illinois	democrat	0	0	1	0	1	0
matthew-dowd	Commentator	Texas	independent	0	0	2	3	0	1
one-new-jersey			democrat	0	0	1	2	0	0
darrell-issa	U.S. House of Representatives	California	republican	0	3	0	0	0	0
robert-gibbs	Former White House Press Secretary		democrat	1	1	0	1	0	4
alan-grayson	U.S. House of Representatives	Florida	democrat	5	5	3	9	1	7
chris-christie	Governor of New Jersey	New Jersey	republican	8	17	16	14	5	18
americas-health-insurance-plans	Trade group representing the health insurance industry	Washington, D.C.	none	0	0	2	0	0	0
greg-abbott	governor	Texas	republican	8	3	6	4	5	8
david-cicilline	mayor of Providence	Rhode Island	democrat	6	4	5	3	1	7
wendy-davis	state senator	Texas	democrat	5	1	5	7	1	0
marcy-kaptur	Representative from Ohio's Ninth Congressional District	Ohio	democrat	0	2	4	4	0	4
americans-tax-reform			none	3	0	1	1	1	0
tweets			none	1	3	1	2	2	1
hank-johnson	U.S. Congressman	Georgia	democrat	1	0	3	2	0	2
facebook-posts	Social media posting		none	12	12	13	9	26	6
lamar-smith	Congressman	Texas	republican	2	4	1	2	0	4
bill-johnson	U.S. representative	Ohio	republican	2	0	0	0	0	0
eric-hovde			republican	1	2	1	0	0	0
ben-carson			republican	7	11	3	1	3	0
mark-neumann	Developer and homebuilder	Wisconsin	republican	1	3	1	1	1	1
sarah-palin		Alaska	republican	5	17	8	4	6	12
sherrod-brown	U.S. Senator	Ohio	democrat	1	3	4	5	1	9
nextgen-climate			organization	0	0	2	0	0	0
john-kasich	Governor of Ohio as of Jan. 10, 2011	Ohio	republican	5	5	8	11	1	13
ileana-ros-lehtinen	U.S. Representative	Florida	republican	0	0	1	0	0	1
lindsey-graham	U.S. senator	South Carolina	republican	2	1	4	1	0	1
democratic-senatorial-campaign-committee			democrat	1	2	3	1	0	1
agenda-project	Liberal advocacy group	New York	none	0	1	0	1	0	0
rand-paul	Candidate for U.S. Senate and physician	Kentucky	republican	5	4	8	9	3	10
kesha-rogers		Texas	democrat	1	0	1	0	0	0
jeff-merkley	U.S. Senator	Oregon	democrat	0	1	2	5	0	4
sheila-oliver	Assemblywoman	New Jersey	democrat	0	1	1	2	0	1
judd-gregg	U.S. Senator		republican	0	0	0	1	0	2
dick-cheney			republican	3	4	1	2	1	3
michael-moore	Documentary filmmaker		none	1	2	1	5	0	2
bill-richardson	Governor	New Mexico	democrat	1	1	3	6	1	1
paul-sarlo	State Senator	New Jersey	democrat	0	0	1	0	0	1
connie-mack	U.S. representative from Fort Myers	Florida	republican	3	3	1	2	1	3
allen-west	U.S. representative, Florida District 22	Florida	republican	5	6	3	1	2	2
moveon			democrat	1	4	3	0	0	5
lou-dobbs			none	0	2	1	1	0	0
edith-ajello	Rhode Island State Representative	Rhode Island	democrat	0	1	0	0	0	1
steve-latourette	Former U.S. representative from Ohio's 11th District	Ohio	republican	0	0	2	0	0	1
trent-franks	U.S. Representative	Arizona	republican	2	1	0	0	0	0
kim-guadagno	Lieutenant Governor of New Jersey		republican	0	2	1	0	0	0
ted-strickland	Former Ohio governor	Ohio	democrat	2	6	7	2	0	1
us-chamber-commerce			none	6	1	3	1	1	1
scott-brown		New Hampshire	republican	2	3	1	3	1	0
julian-castro	Mayor, San Antonio	Texas	democrat	0	0	3	3	0	3
michele-bachmann	Congresswoman	Minnesota	republican	7	18	4	3	11	3
dan-patrick	Lieutenant governor-elect	Texas	republican	3	4	3	1	4	2
jeb-bush		Florida	republican	15	5	14	16	1	12
florida-chamber-commerce		Florida	none	0	1	0	2	1	1
newt-gingrich	Co-host on CNN's "Crossfire"	Georgia	republican	13	14	20	6	10	6
tom-barrett	Mayor of Milwaukee	Wisconsin	democrat	1	3	8	5	3	3
roy-blunt	Senator	Missouri	republican	1	1	0	0	1	1
andrew-napolitano	judge		republican	2	0	2	0	2	0
christopher-plante	executive director, National Organization for Marriage - Rhode Island	Rhode Island	newsmaker	0	0	0	1	1	0
gerry-connolly	U.S. Representative	Virginia	democrat	1	0	2	1	0	1
dave-weldon		Florida	republican	2	0	0	0	1	0
peter-kilmartin	state representative	Rhode Island	democrat	0	0	1	1	1	1
roger-williams	Businessman	Texas	republican	2	2	2	0	1	2
david-dewhurst	Lieutenant governor	Texas	republican	6	5	7	2	5	4
josh-mandel	Ohio treasurer	Ohio	republican	2	4	4	4	4	4
nathan-deal			republican	8	5	10	9	0	11
bill-clinton	former president	Arkansas	democrat	3	1	9	10	2	6
chip-rogers	State Senator	Georgia	republican	1	0	1	1	0	1
mike-huckabee	author	Arkansas	republican	11	4	9	3	3	7
progress-texas		Texas	none	3	0	1	0	2	0
dinesh-dsouza	Author and film director	California	none	1	0	0	0	1	0
bill-foster	Mayor, St. Petersburg	Florida	republican	0	0	2	2	0	1
bob-mcdonnell	Governor	Virginia	republican	5	7	7	6	3	9
dwight-jones	Mayor, City of Richmond	Virginia	democrat	1	1	1	1	0	0
organizing-america			democrat	0	0	2	0	1	0
rick-santorum		Pennsylvania	republican	11	10	11	6	5	3
chris-wallace	Fox News Sunday host		none	0	0	2	0	0	0
lloyd-doggett	Texas congressman in the U.S. Houst of Representatives	Texas	democrat	1	0	1	5	0	2
rob-cornilles	consultant	Oregon	republican	1	1	1	1	1	2
frank-guinta	U.S. Congress, NH-First District	New Hampshire	republican	1	1	1	1	0	0
cory-mason	State Assembly member, 62nd District	Wisconsin	democrat	2	0	0	0	0	0
dan-kaufman			none	0	0	1	1	0	0
larry-elder	Radio talk show host		talk-show-host	0	3	0	0	0	0
dale-kooyenga	State Representative	Wisconsin	republican	0	1	2	1	0	0
dan-gelber		Florida	democrat	2	1	1	3	0	0
new-hampshire-democratic-party		New Hampshire	democrat	4	0	2	3	0	0
mary-nolan	Represents Southwest Portland in Oregon House	Oregon	democrat	0	0	2	0	0	2
steve-rothman			democrat	0	2	0	0	1	1
mary-margaret-oliver	State Representative	Georgia	democrat	0	0	1	0	0	1
chuck-grassley	U.S. senator	Iowa	republican	0	1	1	0	0	1
vincent-buddy-cianci		Rhode Island	independent	0	2	1	2	1	1
national-organization-marriage	Nonprofit organization	Rhode Island	organization	0	1	0	0	1	0
jon-stewart			none	0	2	1	1	1	2
americans-prosperity			none	4	4	2	1	2	0
karen-handel			republican	2	0	2	3	1	2
adam-kinzinger	U.S. Representative	Illinois	republican	0	2	1	0	0	0
donna-howard	Texas House Representative	Texas	democrat	1	0	0	2	0	3
GaGOP			republican	2	1	1	0	0	0
bob-graham		Florida	democrat	1	0	1	1	0	0
glenn-grothman	State Senator, 20th District	Wisconsin	republican	2	5	0	1	0	1
we-are-ohio		Ohio	none	2	0	0	1	0	0
arianna-huffington	Founder, The Huffington Post		none	0	0	2	3	0	0
joe-lieberman	Senator	Connecticut	independent	1	1	0	1	0	1
jon-erpenbach	State Senator, District 27	Wisconsin	democrat	2	0	0	1	0	0
john-kerry	Secretary of State	Massachusetts	democrat	2	2	2	2	0	1
lou-greenwald	State Assemblyman	New Jersey	democrat	0	1	1	2	1	1
kathleen-vinehout			democrat	1	0	1	1	0	0
michael-burgess	U.S. House member	Texas	republican	1	1	0	0	0	0
republican-governors-association		Washington, D.C.	republican	5	1	4	4	2	0
ralph-nader	Attorney, activist	Connecticut	independent	1	1	0	1	0	1
leticia-van-de-putte	Pharmacist	Texas	democrat	2	1	4	0	1	2
judicial-watch			organization	1	1	0	0	0	0
tom-price	Congressman	Georgia	republican	1	1	4	2	0	3
sondy-pope	State Representative	Wisconsin	democrat	0	1	1	1	0	0
carlos-curbelo	Miami-Dade school board member	Florida	republican	0	1	0	1	0	0
loretta-weinberg	State Senator		democrat	1	2	0	1	0	3
tim-knopp			republican	0	0	1	1	0	0
brett-hulsey			democrat	1	3	0	0	0	1
james-clyburn	U.S. Representative	South Carolina	democrat	1	1	0	1	0	0
reince-priebus	Chairman, Republican National Committee	Wisconsin	republican	2	7	6	2	1	1
rahm-emanuel	Mayor of Chicago	Illinois	democrat	1	1	1	2	0	1
michael-steele	chairman of the Republican National Committee	Maryland	republican	0	1	1	0	2	2
claire-mccaskill	U.S. Senator	Missouri	democrat	1	1	0	0	0	1
60-plus-association			none	1	0	0	0	1	0
chris-abele	Philanthropist	Wisconsin	none	3	2	4	4	2	0
kenneth-block	businessman		republican	0	2	2	2	0	1
michael-doherty			republican	1	2	1	1	0	2
ellen-rosenblum			democrat	1	0	0	0	0	1
american-crossroads			republican	5	3	2	0	0	0
tim-kaine	U.S. Senator	Virginia	democrat	6	4	12	13	0	9
debbie-wasserman-schultz	U.S. Representative, Florida District 23	Florida	democrat	7	7	6	12	2	4
jimmy-carter		Georgia	democrat	1	0	2	2	0	1
bobby-jindal	Governor of Louisiana	Louisiana	republican	0	1	3	3	0	1
joanne-kloppenburg	State Appeals Court judge	Wisconsin	none	2	1	0	2	1	0
paul-krugman	New York Times columnist		none	0	2	2	3	0	7
mike-pence	Governor	Indiana	republican	5	8	9	2	0	3
bookerfail			none	1	0	1	0	0	0
kay-bailey-hutchison	U.S. Senator	Texas	republican	2	4	2	2	0	3
democratic-national-committee			none	5	2	5	8	0	5
mike-foley	State representative	Ohio	democrat	0	0	0	2	0	0
americans-job-security			none	0	0	2	0	0	0
john-kitzhaber	Governor of Oregon	Oregon	democrat	0	1	3	2	0	1
katie-mcginty		Pennsylvania	democrat	1	0	0	0	1	1
adam-putnam	Florida Commissioner of Agriculture	Florida	republican	0	1	1	2	1	2
virginia-foxx	U.S. Representative	North Carolina	republican	0	0	0	1	1	1
clay-pell	Candidate for Rhode Island governor	Rhode Island	democrat	0	0	1	1	0	0
ginny-brown-waite	Congresswoman	Florida	republican	1	0	2	0	0	0
kevin-dewine	Chairman of the Ohio Republican Party	Ohio	republican	1	0	0	0	0	1
naral-pro-choice		Washington, D.C.	organization	2	0	0	0	1	1
kasim-reed			democrat	0	1	4	6	1	4
alberta-darling	State Senator, 8th District	Wisconsin	republican	1	1	2	1	0	1
cory-gardner	U.S. House of Representatives	Colorado	republican	3	0	0	0	0	0
priorities-usa-action			democrat	2	1	3	2	0	1
ed-gillespie	Republican strategist	Washington, D.C.	republican	2	2	2	2	1	2
tommy-thompson		Wisconsin	republican	6	6	4	4	2	2
mike-lee	U.S. Senator	Utah	republican	0	0	1	1	0	0
david-axelrod			democrat	2	1	6	7	0	2
paul-broun	Congressman	Georgia	republican	4	8	3	2	1	1
national-rifle-association			none	1	5	1	4	2	1
martin-omalley	Maryland governor	Maryland	democrat	3	0	8	3	0	0
american-leadhership-pac	Political Action Committee	Rhode Island	organization	0	0	1	2	0	0
jeff-greene		Florida	democrat	3	3	3	0	0	0
jamie-radtke		Virginia	republican	1	1	0	2	0	2
sylvester-turner	Attorney	Texas	democrat	0	2	0	2	0	0
chris-redfern	Chairman of the  Ohio Democratic Party	Ohio	democrat	0	0	2	3	0	1
charles-schumer	Senator	New York	democrat	0	1	2	2	0	1
kathleen-falk			democrat	1	2	3	1	0	2
steve-lonegan	Conservative Activist	New Jersey	republican	1	1	1	0	0	2
next-generation-climate-action-committee			democrat	0	1	0	0	1	1
corey-lewandowski	Campaign manager for Donald Trump		republican	1	2	0	0	0	0
bobby-scott	U.S. Congressman	Virginia	democrat	1	2	1	4	0	2
sean-duffy	Member of the U.S. House	Wisconsin	republican	1	2	5	1	2	1
angel-taveras	Mayor of Providence	Rhode Island	democrat	0	1	1	2	0	0
mike-rogers	national security commentator for CNN	Michigan	republican	0	1	1	2	1	1
bill-nelson		Florida	democrat	3	1	7	9	0	3
lincoln-chafee		Rhode Island	democrat	3	4	3	4	0	3
kathleen-clyde	State representative	Ohio	democrat	0	0	0	0	0	2
richard-ferruccio	Correctional officer	Rhode Island	newsmaker	0	1	0	0	0	1
gene-sperling	Director of the National Economic Council 		democrat	1	0	0	0	0	1
cokie-roberts	NPR contributor, ABC commentator	Maryland	journalist	1	0	2	2	0	1
barbara-boxer	U.S. Senator	California	democrat	2	0	2	4	1	0
republican-national-committee-republican			republican	3	5	7	4	1	4
randy-forbes	Representative	Virginia	republican	0	0	4	3	0	4
club-growth			none	4	4	4	2	0	3
joaquin-castro	attorney	Texas	democrat	1	0	1	1	0	1
joe-manchin	Senator from West Virginia	West Virginia	democrat	0	0	1	1	0	0
fulton-county-health-and-wellness	none	Georgia	none	0	0	0	1	0	1
brigid-shea	Principal, Carbon Shrinks LLC	Texas	democrat	0	0	1	0	0	1
carly-fiorina		California	republican	4	5	4	3	2	2
neera-tanden	President of the Center for American Progress		newsmaker	0	0	0	1	0	1
chuck-todd	MSNBC political reporter		none	0	0	1	1	0	4
elaine-boyer			republican	0	0	1	1	0	0
betty-sutton	U.S. representative from Ohio's 13th District	Ohio	democrat	0	2	0	1	1	2
keith-olbermann	Political commentator		none	0	2	3	2	0	0
jason-isaac	Transportation consultant	Texas	republican	2	0	1	0	0	1
jennette-gayer			none	0	0	1	1	0	0
bill-hammond	CEO, president, Texas Association of Business & Chambers of Commerce	Texas	republican	1	0	0	1	0	1
health-care-america-now	healthcare reform advocacy group	Washington, D.C.	none	2	1	0	0	0	0
jim-renacci	U.S. representative 	Ohio	republican	3	3	4	0	1	1
committee-our-childrens-future	Political advocacy group	New Jersey	none	0	0	1	1	0	0
rush-holt			democrat	0	1	2	1	0	2
rob-turner	Hillsborough County Property Appraiser	Florida	republican	0	0	0	1	0	1
mike-dewine	Ohio attorney general	Ohio	republican	2	0	2	1	0	2
roy-cooper	Attorney General	North Carolina	democrat	1	0	3	1	0	0
monica-wehby	Pediatric neurosurgeon	Oregon	republican	0	3	0	0	0	1
ed-fitzgerald	Cuyahoga County executive	Ohio	democrat	1	0	0	1	0	1
jack-kingston	U.S. Representative	Georgia	republican	2	0	2	1	0	1
todd-staples	state agriculture commissioner	Texas	republican	0	1	3	2	1	2
tom-coburn	U.S. Senator	Oklahoma	republican	1	2	3	2	0	0
barbara-buono	State Senator	New Jersey	democrat	3	1	1	4	0	1
mark-miller	State Senator, District 16	Wisconsin	democrat	1	1	0	0	0	1
george-lemieux		Florida	republican	3	1	4	3	0	1
viral-image			none	3	3	0	2	11	0
social-media			none	0	0	0	0	2	0
kevin-de-leon	California Senate leader	California	democrat	0	0	0	2	0	0
henry-cuellar	U.S. Representative	Texas	democrat	1	0	0	0	0	1
deborah-ross	Democratic candidate for U.S. Senate	North Carolina	democrat	0	0	3	0	0	1
joseph-kyrillos	State Senator	New Jersey	republican	2	3	2	2	1	0
americans-prosperity-florida	advocacy group	Florida	none	2	0	0	0	1	0
barry-hinckley		Rhode Island	republican	0	4	0	2	2	2
joe-barton	U.S. Representative	Texas	republican	3	1	0	0	0	1
jon-kyl	U.S. Senator	Arizona	republican	0	1	4	3	0	1
americans-responsible-solutions			none	1	0	1	1	0	0
peter-palumbo	State Representative	Rhode Island	democrat	3	1	1	0	0	1
roy-barnes	Attorney	Georgia	democrat	0	1	4	1	1	0
winning-our-future			none	2	2	3	1	0	0
pat-mccrory	Governor of North Carolina	North Carolina	republican	3	1	2	0	1	0
don-zimmerman	Computer systems	Texas	republican	2	0	0	1	0	0
michael-savage			none	0	0	1	0	1	0
sharron-angle	Republican nominee for Nevada U.S. Senate seat	Nevada	republican	2	2	1	0	0	0
patrick-murphy		Florida	democrat	2	1	3	3	0	3
reader-email			none	0	0	0	1	1	0
sean-spicer	Communications Director for the Republican National Committee		republican	0	0	0	0	1	1
helen-glover	talk show host, WHJJ	Rhode Island	talk-show-host	1	1	0	0	0	1
citizens-united-political-victory-fund		Washington, D.C.	republican	0	0	0	1	0	1
fred-thompson	Actor	Tennessee	republican	1	1	3	3	0	5
david-clarke-jr	Milwaukee County Sheriff	Wisconsin	democrat	3	5	2	1	0	0
caleb-rowden	State representative	Missouri	republican	1	0	1	1	0	0
republican-party-virginia		Virginia	republican	2	0	0	0	1	1
brian-kemp	Secretary of State	Georgia	republican	0	2	0	0	0	2
leonidas-raptakis	State Senator	Rhode Island	democrat	0	0	1	0	0	1
howard-dean	Democratic National Committee chairman	Vermont	democrat	1	4	1	2	0	0
ohio-democratic-party		Ohio	democrat	4	0	2	2	1	2
joe-sestak	U.S. Representative	Pennsylvania	democrat	1	0	1	1	0	0
national-right-life-committee			none	1	2	1	0	0	1
american-bridge-21st-century			democrat	2	1	0	2	0	1
susan-stimpson		Virginia	republican	0	1	0	1	0	0
michael-riley		Rhode Island	republican	2	1	1	0	0	0
pat-toomey	Candidate for U.S. Senate	Pennsylvania	republican	2	3	2	1	0	0
ward-armstrong	Minority leader, House of Delegates	Virginia	democrat	0	3	1	0	1	0
back-basics		Texas	democrat	0	2	1	1	0	0
democratic-party-virginia		Virginia	democrat	2	0	1	3	0	0
tim-canova	Nova Southeastern University law professor	Florida	democrat	0	0	2	2	0	0
campaign-regulate-marijuana-alcohol		Arizona	none	0	0	1	0	0	1
kamala-harris	Attorney General	California	democrat	0	0	1	2	0	0
john-oliver	Host, Last Week Tonight		none	0	0	2	2	0	2
ellyn-bogdanoff	state representative	Florida 	republican	1	1	1	0	0	0
earl-blumenauer	U.S. representative	Oregon	democrat	0	0	1	1	0	3
ted-poe	U.S. House Representative	Texas	republican	0	1	1	0	0	0
senior-citizens-league	advocacy group for senior citizens	Virginia	none	1	1	0	0	0	0
bill-maher	Host of Real Time with Bill Maher	California	independent	0	3	1	5	0	1
jim-demint	President, Heritage Foundation	South Carolina	republican	3	3	0	0	1	1
gina-raimondo	venture capital company founder	Rhode Island	democrat	2	1	2	4	1	3
kitty-boitnott	President, Virginia Education Association	Virgina	none	0	1	0	1	0	1
nancy-devaney	chairwoman, Ocean State Prevention Alliance	Rhode Island	newsmaker	0	1	0	1	0	0
herman-cain		Georgia	republican	3	10	4	3	3	0
chet-edwards	U.S. House member	Texas	democrat	0	2	0	0	0	1
glenn-beck			none	3	5	7	1	2	3
keep-conservatives-united	Super-PAC	North Carolina	republican	1	0	0	0	1	0
glenn-hegar	Farmer	Texas	republican	0	1	1	1	0	0
jon-runyan	Congressman	New Jersey	republican	1	3	0	0	0	0
david-perdue	U.S. Senate candidate	Georgia	republican	4	1	3	3	0	0
charlotte-nash		Georgia	republican	1	0	1	2	0	2
john-carter	U.S. House of Representatives	Texas	republican	0	3	1	2	2	0
ron-wyden	U.S. Senator	Oregon	democrat	0	1	0	3	0	3
michael-turner	Representative from Ohio's 3rd Congressional District	Ohio	republican	1	0	2	0	0	0
steve-archambault	Lawyer	Rhode Island	democrat	0	0	0	1	1	0
miami-seaport-alliance		Florida	none	0	1	0	1	0	0
peter-king	U.S. House of Representatives	New York	republican	0	1	1	2	1	0
state-democratic-party-wisconsin		Wisconsin	democrat	4	6	2	2	5	1
tim-pawlenty			republican	2	4	2	3	1	2
upendra-chivukula	State Assemblyman	New Jersey	democrat	1	0	0	1	0	0
marcia-fudge	Representative from Ohio's 11th Congressional District	Ohio	democrat	0	0	2	3	0	2
steve-cohen	U.S. Representative	Tennessee	democrat	0	0	1	0	1	2
jim-jordan	U.S. representative	Ohio	republican	1	0	2	3	0	2
lon-burnam	State representative	Texas	democrat	1	1	0	0	0	0
shirley-franklin		Georgia	democrat	0	0	1	0	1	0
george-voinovich	Former U.S. senator from Ohio	Ohio	republican	0	0	0	0	0	2
georgians-together	PAC	Georgia 	democrat	1	0	1	0	0	0
wisconsin-state-afl-cio			organization	1	1	0	0	0	0
marsha-blackburn	U.S. Representative	Tennessee	republican	2	1	0	0	0	1
sally-kohn			columnist	0	0	1	1	0	0
grover-norquist	President, Americans for Tax Reform		republican	0	3	0	0	1	0
mitch-daniels	governor	Indiana	republican	0	3	0	0	1	0
al-sharpton		New York	democrat	1	1	1	0	0	0
patriot-majority-usa			democrat	1	1	0	1	1	0
dekalb-county		Georgia	none	1	0	0	1	0	0
national-taxpayers-union	Conservative advocacy group	Virginia	none	0	1	1	0	0	0
michael-roberson	State Senate Majority Leader	Nevada	republican	0	1	1	0	0	0
ann-mclane-kuster	Attorney	New Hampshire	democrat	0	0	4	0	0	1
americans-prosperity-georgia-chapter			none	0	0	2	1	0	0
mr-conservative	Conservative website	None	none	0	1	0	0	1	0
mark-hass	state representative	Oregon	democrat	0	1	1	1	0	0
jim-sensenbrenner	Member of Congress	Wisconsin	republican	2	3	1	0	0	1
freedom-partners-action-fund			organization	0	1	1	0	0	1
randi-shade	Member, Austin City Council	Texas	democrat	0	0	1	2	0	0
restore-our-future	super PAC		republican	1	0	3	1	1	1
juan-williams	Pundit, Fox News		none	2	0	2	1	0	1
jim-webb	writer	Virginia	democrat	1	0	0	3	0	2
tom-graves			republican	1	0	2	0	0	4
russ-feingold		Wisconsin	democrat	1	3	5	4	1	1
joe-garcia	lawyer	Florida	democrat	0	2	0	0	0	0
ann-coulter	Columnist and author	New York	republican	2	3	2	0	3	1
restoration-pac			organization	1	0	0	0	1	0
heather-mcghee	President, Demos		none	1	0	1	0	0	0
ann-kirkpatrick	U.S. House of Representatives	Arizona	democrat	0	0	3	0	0	0
dana-loesch	Radio talk show host		republican	0	2	0	0	0	0
lena-taylor	State Senator, District 4	Wisconsin	democrat	1	0	0	1	1	1
john-king	An anchor for CNN		none	0	0	0	1	0	1
ohio-right-life		Ohio	none	1	0	0	1	0	0
carlos-beruff	Developer	Florida	republican	3	1	0	0	0	0
concerned-veterans-america			organization	1	0	0	1	0	0
keith-faber	State senator	Ohio	republican	0	0	1	0	0	3
johnny-isakson	U.S. Senator	Georgia	republican	1	3	4	1	0	4
steve-poizner	Insurance commissioner and gubernatorial candidate	California	republican	0	1	1	1	0	0
bill-batchelder	State representative	Ohio	republican	0	1	1	1	3	1
ed-fallone			none	0	1	1	0	0	0
afscme			none	2	1	2	2	0	0
progressohio	A liberal-oriented advocacy organization	Ohio	none	0	0	0	1	0	1
kathleen-peters	District 69 state representative	Florida	republican	1	0	0	1	0	0
ultraviolet	Liberal advocacy group	Washington, D.C.	none	2	0	1	1	0	0
jim-whelan			democrat	0	0	2	1	0	0
sam-adams	Mayor of Portland	Oregon	democrat	2	2	2	2	0	2
michael-eric-dyson			none	1	0	1	0	0	0
bill-oreilly	Fox News Channel host		none	3	5	2	4	0	2
jack-berry	Mayoral candidate	Virginia	none	1	0	0	1	0	0
new-jersey-democratic-state-committee		New Jersey	democrat	1	1	1	0	0	0
charles-rangel	U.S. Congressman	New York	democrat	0	0	1	0	1	0
chris-matthews	Host of MSNBC's Hardball		none	0	2	2	1	0	0
greg-walden	U.S. representative	Oregon	republican	3	0	0	0	0	1
allan-fung	mayor, city of Cranston, R.I.	Rhode Island	republican	2	2	0	2	1	1
maggie-hassan	Candidate for governor	New Hampshire	democrat	0	1	2	4	0	2
john-edwards	former senator	North Carolina	democrat	0	1	4	4	0	3
one-wisconsin-now		Wisconsin	organization	0	1	1	0	1	2
jerry-jones	Owner, president, general manager, Dallas Cowboys	Texas	none	0	1	0	0	1	0
harry-reid	Senate Democratic Leader	Nevada	democrat	3	7	3	6	3	1
marion-hammer	Executive director, Unified Sportsmen of Florida	Florida	none	0	1	0	2	0	0
terry-gorman	President, Rhode Islanders for Immigration Law Enforcement	Rhode Island	newsmaker	1	0	0	0	1	1
wayne-powell	lawyer	Virginia	democrat	0	1	0	0	1	0
jeff-fitzgerald	Incoming speaker of state Assembly	Wisconsin	republican	1	0	1	2	2	1
shelley-adler			democrat	0	2	0	0	0	0
stephen-colbert			none	1	0	0	2	0	2
louise-slaughter		New York	democrat	0	0	0	1	0	1
george-allen	consultant	Virginia	republican	2	5	2	3	0	7
john-mica	U.S. Representative	Florida	republican	0	1	0	1	1	0
senate-majority-pac	political action committee	Washington, D.C. 	democrat	3	2	4	1	0	0
laura-ingraham	Political commentator and radio talk show host		none	1	3	1	0	1	0
tim-ryan	U.S. representative 	Ohio	democrat	0	0	0	5	1	3
chris-murphy	U.S. House of Representatives	Connecticut	democrat	0	0	0	0	0	2
bruce-braley	U.S. House of Representatives	Iowa	democrat	0	2	0	1	0	0
chris-coons	County executive of New Castle County, Delaware	Delaware	democrat	1	0	0	0	0	1
associated-industries-florida		Florida	organization	0	0	1	0	1	0
safety-all-initiative		California 	none	0	0	0	1	0	1
gus-bilirakis	Congressman	Florida	republican	1	0	0	1	0	0
wisconsin-professional-police-association		Wisconsin	none	1	0	0	1	0	0
catherine-hanaway	Candidate for governor of Missouri	Missouri	republican	0	1	0	0	0	2
elizabeth-warren	U.S. senator	Massachusetts 	democrat	0	0	3	3	0	0
charlie-justice			democrat	0	0	1	0	1	2
jim-moran	U. S. Congressman	Virginia	democrat	2	1	1	5	1	2
peter-defazio	U.S. representative	Oregon	democrat	1	1	1	2	0	1
kurt-schrader	U.S. representative	Oregon	democrat	0	0	3	0	0	1
bill-lynch	Lawyer	Rhode Island	democrat	1	0	0	0	1	0
tom-marino	U.S. representative	Pennsylvania	republican	1	1	1	0	0	0
america			none	1	1	0	0	0	0
peter-barca	State Representative	Wisconsin	democrat	0	2	2	3	1	0
reid-ribble	Candidate for 8th District U.S. House seat	Wisconsin	republican	0	1	0	0	1	0
carol-shea-porter	Retired social worker	New Hampshire	democrat	1	0	0	1	0	1
mark-udall	U.S. Senator	Colorado	democrat	0	0	1	0	0	1
se-cupp	Co-host of CNN's Crossfire		republican	0	0	1	0	0	1
daily-caller	Online publication	Washington, D.C.	none	0	2	0	0	0	0
saxby-chambliss	U.S. Senator	Georgia	republican	1	1	2	4	1	2
doug-whitsett	state senator	Oregon	republican	0	1	0	1	0	1
lawrence-odonnell			none	1	2	0	2	0	1
gilberto-hinojosa	Chairman, Texas Democratic Party	Texas	democrat	0	4	1	2	1	0
dennis-kucinich	U.S. representative	Ohio	democrat	1	1	4	4	0	9
stephanie-cutter	Co-host on CNN's "Crossfire"	Massachusetts	democrat	1	1	0	1	0	1
mike-fasano	state Senator 	Florida 	republican	0	0	0	2	0	0
andy-brown	Attorney	Texas	democrat	0	1	0	1	0	0
al-hunt	Executive editor for Washington for Bloomberg News		none	0	1	0	0	0	1
david-brooks			none	0	0	1	0	0	3
steve-stockman	U.S. representative	Texas	republican	1	3	0	0	1	0
nan-rich	candidate for governor	Florida	democrat	1	0	1	2	0	0
william-perry	Common Cause Georgia Executive Director	Georgia	none	0	0	1	1	0	0
donna-campbell	Physician	Texas	republican	0	0	0	1	0	1
tennessee-democratic-party		Tennessee	democrat	1	0	0	2	0	2
tom-cole		Oklahoma	republican	0	0	0	1	0	2
christopher-blazejewski	Rhode Island State Representative	Rhode Island	democrat	0	1	0	0	0	2
brit-hume	Fox News political analyst		none	1	2	0	0	0	0
tammy-baldwin	U.S. Representative	Wisconsin	democrat	4	5	7	4	0	2
boyd-richie	Texas Democratic Party chair	Texas	democrat	1	1	0	0	1	1
nowthis			journalist	0	1	0	0	1	0
ed-garvey	Attorney, blogger	Wisconsin	democrat	0	2	0	0	0	0
mike-martinez	Member, Austin City Council	Texas	democrat	1	0	1	1	1	2
bill-haslam	Governor	Tennessee	republican	0	2	1	0	0	1
trimet			organization	1	0	1	0	0	1
building-better-ohio		Ohio	none	1	0	0	1	0	1
bill-mccollum		Florida	republican	2	3	1	0	1	3
alexi-giannoulias		Illinois	democrat	1	0	0	0	0	1
alcee-hastings	U.S. Representative	Florida	democrat	1	0	1	0	2	0
robert-hagan	State representative	Ohio	democrat	0	0	1	1	0	0
alfonso-lopez	State delegate	Virginia	democrat	0	0	1	0	1	0
republican-party-wisconsin		Wisconsin	republican	3	3	1	3	0	0
loranne-ausley		Florida	democrat	0	1	1	0	0	0
john-barge		Georgia	republican	0	0	2	1	0	0
pat-roberts	U.S. Senator	Kansas	republican	1	1	0	0	0	1
cathy-mcmorris-rodgers	U.S. House of Representatives	Washington state	republican	0	0	2	0	0	0
robert-healey	lawyer	Rhode Island	independent	1	0	0	0	0	1
vote-no-2		Florida	none	1	0	2	0	0	0
ed-schultz	MSNBC television host		none	2	1	4	1	2	0
american-commitment			none	1	0	0	0	1	0
vern-buchanan	U.S. Representative	Florida	republican	1	1	1	0	0	1
amy-klobuchar	U.S. senator	Minnesota	democrat	0	0	0	2	0	1
george-barker	State senator	Virginia	democrat	1	0	0	0	0	1
jason-carter	State Senator	Georgia	democrat	1	0	1	0	0	1
judson-hill			republican	1	0	1	0	0	0
jay-carney	White House press secretary	District of Columbia	none	2	1	1	2	0	0
gretchen-carlson	co-anchor on "Fox & Friends"	Minnesota	none	1	0	0	0	1	0
actionaid-k			none	0	0	1	1	0	0
steny-hoyer	House Majority Leader	Maryland	democrat	0	1	3	4	0	0
elliott-naishtat	Attorney	Texas	democrat	0	0	1	0	0	1
kris-jordan	State senator	Ohio	republican	0	0	0	1	0	1
michael-thurmond	Labor Commissioner	Georgia	democrat	1	0	0	0	0	1
michael-sullivan	president and ceo, Empower Texans	Texas	republican	1	0	2	1	0	1
dan-sullivan	Alaska Department of Public Resources commissioner	Alaska	republican	2	2	1	0	0	0
robert-brown	state senator	Georgia	democrat	1	1	0	0	0	1
georgia-lottery			none	0	0	0	1	0	1
greta-van-susteren	Fox News host		none	0	1	0	1	0	0
mike-collier		Texas	democrat	0	1	0	0	0	1
jim-sullivan	Former State Senator, 5th District	Wisconsin	democrat	1	2	1	0	0	0
elijah-cummings	U.S. Representativej	Maryland	democrat	0	0	0	0	0	2
casey-cagle			republican	1	0	0	2	0	2
bob-donovan	Member of Milwaukee Common Council	Wisconsin	none	0	0	0	0	1	1
frederica-wilson	U.S. Representative, Florida District 17	Florida	democrat	1	0	1	1	0	1
occupy-democrats			organization	0	1	3	1	3	0
mike-villarreal	Small business owner	Texas	democrat	1	0	1	2	0	2
lois-kolkhorst	Businesswoman	Texas	republican	1	0	1	0	0	0
libraries-yes-committee		Oregon	none	0	0	0	0	0	3
kim-simac	Leader of recall effort against Wisconsin state Senator Jim Holperin	Wisconsin	republican	1	0	0	0	0	1
ken-plum	State delegate	Virginia	democrat	0	1	0	1	0	0
clay-aiken		North Carolina	democrat	0	0	1	1	0	0
house-republicans			republican	0	2	4	0	1	0
travis-rowley		Rhode Island	republican	1	1	1	0	0	0
tom-harkin	U.S. Senator	Iowa	democrat	0	1	1	1	0	0
thomas-perez	Secretary of Labor	Maryland	democrat	1	0	1	0	0	0
robert-hurt	U.S. Congressman	Virginia	republican	2	2	1	0	0	0
don-beyer	8th District congressional candidate	Virginia	democrat	1	0	1	3	0	0
jan-brewer		Arizona	republican	2	1	1	0	1	0
ron-ramsey	Speaker of the Tennessee Senate	Tennessee	republican	0	2	0	0	1	0
robert-reich	Economics professor at the University of California (Berkeley)	California	democrat	0	0	0	1	0	1
bob-gibbs	Representative from Ohio's 18th Congressional District	Ohio	republican	0	1	0	1	1	2
jim-huffman	Lewis & Clark Law School professor	Oregon	republican	0	1	0	1	0	0
steve-crisafulli			republican	0	0	1	1	0	0
jim-hightower	Commentator	Texas	democrat	1	1	0	0	0	0
gavin-newsom	California Lt. Governor	California	democrat	1	0	1	1	0	0
brendan-doherty		Rhode Island	republican	0	2	1	1	0	2
dale-peterson		Alabama	republican	1	0	1	0	0	0
jeff-stone	Member of State Assembly, 82nd District	Wisconsin	republican	1	0	0	1	0	2
charlie-gonzalez	U.S. House member	Texas	democrat	0	1	1	0	0	0
brad-schimel			republican	0	2	1	0	0	0
chris-dodd	U.S. senator	Connecticut	democrat	0	1	2	1	0	2
kelli-stargel	Senator from 15th District	Florida	republican	2	0	0	0	0	0
john-duncan	U.S. Congressman	Tennessee	republican	1	1	0	0	0	0
secure-america-now			none	1	0	0	1	0	0
catherine-taylor	business owner	Rhode Island	republican	0	1	0	0	0	1
new-jersey-education-association			none	0	0	1	0	0	2
kevin-brady	U.S. House member	Texas	republican	1	0	0	1	0	0
crossroads-gps	Conservative advocacy group		republican	7	1	3	1	1	2
scott-rigell	U.S. Congressman	Virginia	republican	2	2	0	1	0	0
jose-diaz-balart			none	0	0	1	0	0	1
let-freedom-ring			none	0	1	1	0	0	1
zell-miller		Georgia	none	0	1	0	2	0	0
rodney-frelinghuysen			republican	1	0	0	1	0	1
donald-trump-jr			republican	0	1	0	0	1	0
americannewscom			none	0	0	0	0	2	0
committee-protect-florida		Florida	none	0	1	0	2	0	0
mark-pryor	U.S. Senator	Arkansas	democrat	1	0	0	1	0	0
arizona-grassroots-action-pac			none	1	0	0	1	0	0
kathy-castor	Member, U.S. House of Representatives	Florida	democrat	0	0	1	0	0	1
chris-larson	Wisconsin Senate Minority Leader	Wisconsin	democrat	4	4	0	1	1	0
paul-sadler	Lawyer	Texas	democrat	1	0	1	2	0	1
stephen-hayes	Senior writer for the Weekly Standard		none	1	0	1	1	0	1
jim-kenney	Philadelphia Mayor	Pennsylvania	democrat	1	1	1	0	0	2
pete-gallego	Former legislator and U.S. House member	Texas	democrat	1	0	2	2	0	1
sarah-silverman	Comedian		democrat	0	0	1	0	0	1
chelsea-clinton			democrat	1	0	1	0	0	0
don't-let-florida-go-pot			organization	0	0	2	1	0	0
steve-king		Iowa	republican	1	1	1	0	1	0
john-wisniewski	State Assemblyman	New Jersey	democrat	2	2	0	1	0	3
jeff-kottkamp		Florida	republican	0	1	1	0	0	2
richard-saslaw	State Senate Minority Leader	Virginia	democrat	2	3	0	0	1	0
orrin-hatch	U.S. Senator	Utah	republican	1	0	0	0	0	1
lee-fisher	Former Lieutenant governor	Ohio	democrat	2	1	1	2	0	0
sacramento-bee-editorial-board			none	1	0	1	1	0	3
phil-gingrey	U.S. Congressman	Georgia	republican	2	3	1	1	1	1
daniel-mckee	Mayor	Rhode Island	democrat	0	0	0	2	0	0
energycitizensorg			none	2	0	0	0	0	0
mary-burke	Madison school board member	Wisconsin	democrat	3	5	9	7	3	2
wes-riddle	Theater owner, activist	Texas	republican	0	2	0	0	0	0
suzanne-bonamici	State Senator	Oregon	democrat	0	1	0	0	1	3
tom-tancredo	U.S. representative	Colorado	republican	2	4	1	0	0	0
haley-barbour	Governor	Mississippi	republican	1	1	0	0	0	0
joe-straus	Texas House speaker	Texas	republican	0	0	2	1	0	1
meria-carstarphen	Superintendent, Austin Independent School District	Texas	none	0	1	0	0	0	1
valerie-jarrett	senior adviser to President Barack Obama	Illinois	democrat	1	1	0	0	0	0
new-approach-oregon	Activist group	Oregon	organization	1	1	0	0	0	0
jeff-atwater	State Senator	Florida	republican	0	1	1	1	0	0
michael-morell			none	0	0	0	1	0	1
rob-teilhet	attorney	Georgia	democrat	1	1	0	0	0	0
eddie-bernice-johnson	U.S. Representative 	Texas	democrat	0	1	0	0	0	1
austan-goolsbee	chair of the Council of Economic Advisers	Illinois	democrat	0	1	0	3	0	0
maryellen-oshaughnessy	Franklin County clerk of courts	Ohio	democrat	0	1	0	0	0	1
our-oregon	political group	Oregon	democrat	0	0	0	2	0	0
sheila-jackson-lee	congresswoman	Texas	democrat	2	1	0	0	0	0
sheri-gallo	Owner, Private Properties, Inc.	Texas	none	1	0	1	0	1	0
nan-orrock		Georgia	democrat	1	0	0	0	0	2
jay-nixon	Governor	Missouri	democrat	1	0	0	0	0	1
michael-j-gardiner	Lawyer	Rhode Island	republican	1	1	0	0	0	0
van-wanggaard			republican	0	0	1	1	0	0
nikki-haley	Governor	South Carolina	republican	0	0	0	3	0	0
michael-mccaul	congressman	Texas	republican	1	0	0	4	0	2
aclu-florida		Florida	none	0	1	1	1	0	0
cliff-stearns	U.S. representative	Florida	republican	0	0	2	0	0	0
michelle-malkin	Blogger and commentator	Colorado	none	0	1	1	0	0	1
rebecca-bradley			none	0	1	0	1	0	0
david-gregory	Host of NBC's Meet the Press	Washington, D.C.	none	1	0	0	1	0	0
debbie-dooley		Georgia	tea-party-member	0	1	1	1	0	0
paula-dockery	State senator	Florida	republican	1	1	0	0	0	0
ami-bera	U.S. House of Representatives	California	democrat	1	0	1	1	0	0
becky-moeller	president, Texas AFL-CIO	Texas	democrat	0	0	0	0	0	2
vincent-fort	State Senator	Georgia	democrat	1	0	2	1	1	0
scott-randolph	State Representative	Florida	democrat	0	1	1	0	0	0
kinky-friedman	Author	Texas	democrat	0	1	1	0	0	0
george-w-bush	President	Texas	republican	0	1	1	1	0	1
jeb-hensarling	U.S. Congressman	Texas	republican	0	1	1	0	1	1
holly-benson		Florida	republican	0	0	0	2	0	0
roger-goodell	NFL commissioner		none	0	0	0	1	0	1
dana-young	Majority Leader for the Florida House of Representatives 	Florida	republican	0	0	2	0	0	0
steve-munisteri	Attorney	Texas	republican	0	0	2	0	0	0
nina-turner	State senator	Ohio	democrat	1	0	0	0	0	2
patience-roggensack	Wisconsin Supreme Court justice	Wisconsin	none	0	0	0	1	0	2
barth-bracy	executive director, Rhode Island Right to Life	Rhode Island	activist	1	0	1	0	0	0
jeff-wentworth	State Senator	Texas	republican	0	0	1	0	1	1
tim-lee	Cobb County Commission Chairman		republican	0	0	1	1	0	0
marc-morial	President of the National Urban League	Louisiana	democrat	0	0	1	0	0	2
bruce-hanna	Co-Speaker of the Oregon House of Representatives	Oregon	republican	1	1	0	0	0	0
people-american-way			none	2	0	0	0	0	0
pierre-thomas	Senior justice correspondent for ABC News		none	1	0	1	0	0	0
don-gaetz	State Senator	Florida	republican	1	0	3	1	0	1
american-future-fund			organization	2	2	0	0	0	0
barry-smitherman	Member, Texas Railroad Commission	Texas	republican	0	0	0	0	1	1
wayne-lapierre			none	1	1	3	0	0	0
american-energy-alliance			none	0	1	1	0	0	0
jerry-brown		California	democrat	0	0	3	2	0	2
paul-begala	Affiliated professor of public policy at Georgetown University's Public Policy Institute	Texas	democrat	1	2	0	0	0	0
raymond-lahood	Secretary, U.S. Department of Transportation	Illinois	republican	0	1	1	1	0	0
joe-heck	Congressman	Nevada	republican	0	0	2	0	0	0
ron-klein		Florida	democrat	0	2	0	1	0	0
eileen-brady			democrat	0	2	0	0	0	1
arizonans-responsible-drug-policy			none	1	0	1	0	0	0
better-austin-today-political-action-committee			none	1	1	0	0	0	0
citizens-lower-taxes-and-stronger-economy		Florida	none	1	0	2	0	1	1
pat-boone	spokesman for the 60 Plus Association		none	0	1	0	0	2	0
chris-taylor			democrat	1	0	0	0	0	2
nicholas-kristof			none	0	1	0	1	0	1
jennifer-shilling	State Assembly member, 95th District	Wisconsin	democrat	1	1	0	1	0	1
farouk-shami	Businessman	Texas	democrat	1	1	1	0	1	0
jake-tapper	Host of CNN's "The Lead"		journalist	0	0	0	1	0	1
dick-morris			none	0	2	0	0	0	0
jon-huntsman		Utah	republican	4	0	5	3	0	1
betsy-mccaughey			republican	0	0	0	0	2	0
emilys-list			organization	1	0	2	2	0	0
senate-leadership-fund			republican	0	0	1	1	0	0
jd-hayworth		Arizona	republican	0	1	1	1	2	0
don-balfour			republican	0	0	0	2	0	0
bob-beckel	Co-host on Fox News Channel's "The Five"	Washington, D.C.	democrat	0	1	1	0	0	1
people-ethical-treatment-animals			none	0	0	2	0	0	0
democratic-party-oregon	political party	Oregon	democrat	1	1	1	0	0	0
colorado-citizens-accountable-government			none	0	0	0	0	2	0
mary-landrieu	U.S. Senator	Louisiana	democrat	0	1	0	2	0	0
david-miliband			none	0	0	0	1	0	1
mike-dovilla	State representative	Ohio	republican	0	1	1	0	0	1
carlos-lopez-cantera	lieutenant governor	Florida	republican	0	0	0	2	0	0
edward-flynn			none	1	0	2	1	0	1
chris-sununu	Executive Councilor	New Hampshire	republican	0	1	1	0	1	0
pink-slip-rick		Florida	democrat	0	0	0	1	1	0
bono			none	0	0	1	1	0	0
nicholas-mattiello	Speaker of the House	Rhode Island	democrat	0	3	0	0	0	1
kirk-watson	lawyer	Texas	democrat	0	0	0	1	0	2
steve-moore			none	1	1	1	0	0	0
eric-greitens	gubernatorial candidate	Missouri	republican	0	1	2	1	0	0
al-gore	cofounder of Generation Investment Management and Current TV, visiting professor and author	Tennessee	democrat	0	0	3	0	0	1
debra-medina	Businesswoman	Texas	republican	0	1	2	0	0	0
amy-kremer	Chair, Tea Party Express	Georgia	tea-party-member	0	1	1	0	0	0
bart-stupak	member of Congress	Michigan	democrat	0	1	0	1	0	1
bernard-jackvony	attorney	Rhode Island	republican	1	1	0	0	0	0
patrick-lynch	Attorney General	Rhode Island	democrat	1	0	1	0	0	0
bill-pascrell	U.S. House of Representatives	New Jersey	democrat	0	3	3	3	0	0
ibdeditorialscom			none	0	1	0	0	1	0
texas-values			none	1	1	0	0	0	0
scott-bruun	State representative	Oregon	republican	1	2	0	0	0	0
bob-buckhorn		Florida	none	2	1	2	0	0	0
jill-stein	Presidential nominee	Massachusetts	green	0	1	0	0	1	1
jim-francesconi	Member of the State Board of Higher Education	Oregon	none	0	1	0	1	0	0
karen-harrington	restaurant owner	Florida	republican	0	1	1	0	0	0
jorge-ramos	News anchor for Univision	Florida	journalist	1	0	2	1	0	0
steve-adler	Mayor of Austin	Texas	democrat	1	1	0	1	1	1
tom-kean-jr	New Jersey Senate Minority Leader		republican	0	2	0	0	0	0
portland-association-teachers			organization	1	0	1	0	0	0
george-flinn	Radiologist and radio station owner	Tennessee	republican	0	1	0	0	1	0
eddie-rodriguez	Texas House Representative	Texas	democrat	0	1	0	1	0	1
kathie-tovo	Mother	Texas	democrat	1	0	0	2	0	0
cathie-adams	Chair, Republican Party of Texas	Texas	republican	0	1	1	0	1	0
megyn-kelly	Host of "The Kelly File"		talk-show-host	0	1	2	0	0	2
kathleen-ford	Attorney	Florida	democrat	0	1	0	1	0	0
eddie-lucio-jr	Advertising executive	Texas	democrat	0	0	1	1	0	1
lynn-westmoreland			republican	0	1	2	0	0	2
ohio-republican-party		Ohio	republican	2	1	1	1	0	1
randi-weingarten			none	1	0	1	0	0	0
majority-pac			democrat	1	0	1	0	0	0
maciver-institute	Think tank	Wisconsin	independent	0	0	0	1	1	1
service-employees-international-union-committee-po		Washington, D.C.	newsmaker	1	0	2	0	0	0
bob-stacey	Metro councilor	Oregon	democrat	0	2	0	0	0	0
mark-zaccaria		Rhode Island	republican	1	2	0	0	0	1
dan-flynn	State Representative	Texas	republican	1	0	0	0	1	0
anne-nolan	president, Crossroads Rhode Island	Rhode Island	activist	0	1	0	1	0	0
meg-whitman		California	republican	0	1	1	1	0	0
frank-lautenberg	U.S. Senator	New Jersey	democrat	2	0	2	1	0	3
mike-polensek	Cleveland city councilman	Ohio	democrat	0	0	1	0	0	1
levar-stoney	Richmond mayoral candidate	Virginia	democrat	1	1	1	0	0	0
katrina-vanden-heuvel			none	0	2	1	0	0	2
nick-fish	Portland City Commissioner	Oregon	none	0	1	0	1	0	0
dubose-porter		Georgia	democrat	0	0	0	1	0	1
dick-armey			republican	0	2	1	0	0	0
ew-jackson	Pastor	Virginia	republican	1	0	0	0	0	1
loretta-sanchez	member of Congress	California	democrat	0	1	1	0	1	1
steve-ogden	oil and gas producer	Texas	republican	0	0	1	1	0	0
cw-bill-young	U.S. Representative, Florida District 10	Florida	republican	0	0	1	0	1	1
leah-vukmir	Member of state Assembly	Wisconsin	republican	0	1	0	1	0	0
steve-southerland	U.S. Representative, Florida District 2	Florida	republican	0	1	1	1	0	1
david-alameel	Investor	Texas	democrat	0	1	1	0	0	0
emergency-committee-israel	Advocacy group for U.S. policy toward Israel	Washington, D.C.	none	2	0	0	0	0	0
bruce-rauner	Governor	Illinois	republican	0	0	1	0	0	1
john-thrasher	Republican Party of Florida Chairman	Florida	republican	2	1	0	0	1	1
lee-may		Georgia	democrat	0	0	0	2	0	1
my-city-bikes			none	0	1	0	0	1	0
dave-aronberg	state senator	Florida	democrat	1	0	1	0	0	2
tom-kean-sr		New Jersey	republican	0	0	1	0	0	1
jim-waldman	state representative	Florida	democrat	1	0	0	0	0	1
jason-conger	legislator	Oregon	republican	0	1	0	1	0	0
wisconsin-manufacturers-and-commerce		Wisconsin	organization	2	0	2	2	0	0
internet-commenters		Wisconsin	none	0	2	0	0	0	0
bill-kristol	Editor, the Weekly Standard	Washington, D.C.	none	0	1	0	3	0	0
john-loughlin	owner, Media-Rite LLC	Rhode Island	republican	1	2	0	0	1	1
susan-b-anthony-list			republican	0	1	0	0	1	0
diana-degette			democrat	0	0	1	1	0	0
rob-wittman	Congressman	Virginia	republican	0	1	1	1	0	0
jon-husted	Ohio secretary of state	Ohio	republican	0	2	1	2	1	0
rick-kriseman	State Representative	Florida	democrat	0	1	0	1	0	0
mark-kelly			newsmaker	0	0	1	0	0	2
arthenia-joyner	State senator	Florida	democrat	0	0	0	1	0	1
thom-tillis	House Speaker and U.S. Senate candidate	North Carolina	republican	2	0	1	0	0	0
david-rivera	U.S. Representative, Florida District 25	Florida	republican	0	2	0	0	0	0
new-hampshire-republican-party		New Hampshire	republican	1	0	0	2	0	0
renee-unterman	State Senator	Georgia	republican	0	0	2	0	0	0
planned-parenthood			none	1	0	1	0	1	2
stefani-carter	State representative	Texas	republican	0	0	2	0	0	0
michael-bloomberg		New York	independent	0	1	1	2	0	4
lone-star-project		Washington	democrat	0	1	2	0	0	0
jefferson-smith	state representative	Oregon	democrat	1	1	0	4	0	2
lee-holloway	Chairman, Milwaukee County Boaerd of Supervisors	Wisconsin	none	0	2	0	1	1	0
jack-reed	U.S. Senator	Rhode Island	democrat	1	0	2	1	0	3
ron-maag	State representative	Ohio	republican	1	1	0	0	0	0
julie-lassa	State Senator, 24th District	Wisconsin	democrat	0	0	2	0	0	0
sierra-club			none	1	1	0	1	0	0
kay-hagan	Former U.S. Senator	North Carolina	democrat	1	0	1	2	0	0
silvestre-reyes	U.S. House member	Texas	democrat	0	0	1	1	1	0
austin-scott		Georgia	republican	1	1	0	0	0	0
kirsten-gillibrand	U.S. Senator	New York	democrat	0	0	1	1	0	0
maria-sachs	Florida senator	Florida	democrat	1	0	0	0	0	1
mark-obenshain	State senator	Virginia	republican	0	0	1	1	0	1
vladimir-putin	President of Russia		none	0	1	1	0	0	0
taxpayer-association-oregon	political action committee	Oregon	none	0	1	2	0	0	0
john-fleming	U.S. Representative	Louisiana	republican	0	2	0	0	0	1
kevin-mccarthy	U.S. Representative and House Majority Whip	California	republican	1	1	0	0	0	0
michelle-nunn	Chief Executive Officer, Points of Light Foundation	Georgia	democrat	2	0	1	2	0	0
corrine-brown	U.S. Representative	Florida	democrat	0	1	0	0	0	1
floridians-ethics-and-truth-politics		Florida	republican	0	1	0	1	0	0
kevin-reilly	President of the University of Wisconsin System	Wisconsin	state-official	0	0	1	0	0	1
colleen-kiernan		Georgia	none	0	0	0	2	0	0
anthony-gemma	Owner Media Peel, former president and CEO of Gem Plumbing	Rhode Island	democrat	0	2	0	2	1	0
christine-odonnell	Candidate for U.S. Senate	Delaware	republican	0	0	0	1	1	0
votevetsorg			none	0	1	1	0	0	0
david-barton	President, Wallbuilders	Texas	republican	1	0	1	1	0	0
vicky-hartzler	U.S. Representative	Missouri	republican	0	0	1	0	0	1
florida-voter		Florida	none	0	1	0	1	0	0
steven-schale		Florida	democrat	1	0	0	0	0	1
league-women-voters-austin-area		Texas	organization	0	0	2	0	0	0
david-ralston		Georgia	republican	1	0	0	1	0	1
rodney-ellis	state senator	Texas	democrat	0	0	0	2	0	1
marina-dimitrijevic			none	1	1	1	0	0	0
scott-keyes			none	1	0	0	0	1	0
susan-combs	State comptroller	Texas	republican	0	3	0	0	1	0
herb-kohl	U.S. Senator	Wisconsin	democrat	1	0	0	1	0	0
senate-republican-conference	Group representing Senate Republicans	Washington, D.C.	republican	1	0	1	0	0	0
james-woods	Actor		none	0	1	0	0	1	1
jim-mcdermott	U.S. Representative	Washington state	democrat	1	1	1	0	0	0
janice-hahn		California	democrat	0	0	1	0	0	1
ralph-reed			republican	0	2	1	0	0	0
campaign-defend-america		Washington, D.C.	none	0	1	0	1	0	0
anthony-weiner		New York	democrat	1	1	1	0	0	0
focus-family-action			none	0	2	0	0	0	1
danny-tarkanian		Nevada	republican	1	0	1	0	0	0
mario-diaz-balart	U.S. Representative	Florida	republican	0	0	0	1	0	1
leonard-lance			republican	0	0	1	2	0	1
everytown-gun-safety	Advocacy group	New York	none	2	0	1	0	0	0
tucker-carlson	Editor, Daily Caller		none	0	0	1	0	1	0
city-atlanta			none	1	1	1	0	0	1
we-are-wisconsin		Wisconsin	organization	1	1	1	0	0	0
doreen-costa	State Representative	Rhode Island	republican	0	1	0	0	0	1
kimberly-guilfoyle			none	0	1	0	0	1	0
american-petroleum-institute			none	0	0	0	1	0	1
hank-gilbert	Cattle raiser	Texas	democrat	1	0	1	0	0	1
dana-milbank	Columnist for the Washington Post	Washington, D.C.	none	2	0	0	0	0	0
charlie-sykes	Talk show host for WTMJ-AM in Milwaukee	Wisconsin	talk-show-host	0	0	0	0	2	0
tom-leppert	Businessman	Texas	republican	0	0	0	1	0	1
log-cabin-republicans			none	0	0	0	2	0	0
18-percent-american-public			none	0	0	0	0	1	1
pink-pony			none	0	0	1	0	0	1
chris-dudley	Financial adviser	Oregon	republican	0	0	0	1	1	0
afl-cio			none	1	0	1	0	0	1
duncan-hunter	U.S. representative	California	republican	0	1	0	1	0	2
george-p-bush	Vice president, Charter Holdings real estate investment partnership	Texas	republican	1	1	0	1	0	0
gail-collins	Columnist for the New York Times	New York	journalist	2	1	0	1	0	0
thomas-garrett-jr	State senator	Virginia	republican	2	1	0	0	0	0
bob-barr	Runs a consulting firm, Liberty Strategies LLC	Georgia	libertarian	0	0	0	1	0	1
jim-rubens	Small business owner	New Hampshire	republican	1	0	0	1	0	0
roberto-dasilva	Police officer	Rhode Island	democrat	1	0	0	1	0	0
van-jones	Co-host of CNN's "Crossfire"	Washington, D.C.	democrat	0	1	1	2	0	0
no-56-campaign			organization	2	0	0	0	0	0
no-tax-tracks			organization	0	2	2	0	0	0
nancy-grace			none	2	0	0	0	0	0
jeff-sessions		Alabama	republican	2	1	1	1	0	0
michael-bennet		Colorado	democrat	0	0	1	0	0	2
democratic-governors-association			democrat	1	0	0	0	2	1
gary-black	Commissioner of Agriculture	Georgia 	republican	0	0	1	1	0	0
paul-manafort			republican	0	2	0	0	1	0
bob-corker			republican	1	0	0	2	0	2
jeff-miller	U.S. Congressman	Florida	republican	1	0	0	1	0	0
portland-public-schools	School district	Oregon	none	0	0	1	1	0	2
bill-seitz	State senator	Ohio	republican	0	0	1	1	0	0
edward-markey			democrat	0	0	1	1	0	1
john-thune	U.S. Senator	South Dakota	republican	0	0	1	0	1	0
matt-mackowiak	Consultant	Texas	republican	2	1	0	0	0	0
tammy-duckworth	U.S. Representative 	Illinois	democrat	1	1	0	1	0	0
kent-conrad	U.S. Senator	North Dakota	democrat	0	0	0	1	0	1
bee-moorhead	Executive director, Texas IMPACT	Texas	democrat	0	0	0	1	0	1
tom-nelson		Wisconsin	democrat	0	1	1	0	0	0
mark-begich	Senator	Alaska	democrat	0	0	0	2	0	0
mike-gravel	Author and lecturer	Alaska	libertarian	0	0	1	0	1	1
james-langevin	Congressman	Rhode Island	democrat	0	0	1	1	0	1
julaine-appling	Executive Director, Wisconsin Family Action	Wisconsin	none	0	2	0	0	0	0
special-operations-opsec-education-fund			none	1	0	1	0	0	0
james-dobson			republican	0	0	0	1	0	1
citizens-transportation-mobility		Georgia	none	1	0	2	0	0	0
sam-brownback	U.S. senator	Kansas	republican	0	1	0	0	0	2
john-stemberger		Florida	republican	1	2	0	0	0	0
charlene-lima	educator	Rhode Island	democrat	0	0	0	0	1	1
steven-rattner			democrat	0	0	0	2	0	0
lamar-alexander			republican	1	2	2	0	0	2
elizabeth-roberts	Lieutenant Governor	Rhode Island	democrat	1	0	1	0	0	2
mark-kirk	U.S. Senator	Illinois	republican	1	1	1	0	0	0
doctors-without-borders			none	0	0	1	1	0	0
scott-desjarlais	4th Congressional District's congressman	Tennessee	republican	1	0	0	1	0	0
joseph-mcnamara	House member	Rhode Island	democrat	0	2	1	0	0	0
other-98			democrat	1	0	0	1	0	0
doug-macginnitie	Sandy Springs City Councilman	Georgia	republican	1	1	0	0	0	0
joe-pitts	Congressman	Pennsylvania	republican	0	0	1	1	0	1
raul-labrador	U.S. Representative	Idaho	republican	1	0	1	0	0	0
steven-frias	lawyer	Rhode Island	republican	0	0	0	1	0	1
luis-gutierrez	U.S. House of Representatives	Illinois	democrat	0	0	2	3	0	0
dan-kapanke	State Senator, District 32	Wisconsin	republican	0	0	0	0	2	0
dana-perino	Co-host on Fox News Channel's "The Five"		republican	1	1	0	0	0	0
gayle-smith			democrat	0	0	1	2	0	0
ari-melber			none	0	0	2	0	0	0
corey-stewart	Chairman, Prince William County board of supervisors	Virginia	republican	2	1	0	0	0	0
samuel-wurzelbacher	Republican candidate for Congress	Ohio	republican	0	1	0	0	1	0
libre-initiative			organization	0	0	1	1	0	0
pam-bondi		Florida	republican	2	1	0	3	0	1
andrea-mitchell			none	0	0	1	1	0	0
mike-tate			democrat	0	2	1	1	0	0
john-ludlow	Businessman		republican	1	0	0	0	0	1
jesse-jackson	Civil rights leader	Illinois	democrat	0	1	0	1	0	0
richard-corcoran	State Representative	Florida	republican	1	0	0	0	0	1
stacey-campfield	State Senator	Tennessee	republican	0	1	0	1	1	0
charlotte-lehan	Chair of the Clackamas County Board of Commissioners	Oregon	none	1	0	1	0	0	0
jennifer-granholm	Former governor of Michigan	Michigan	democrat	0	0	3	1	0	1
workers-voice	Political action committee	District of Columbia	none	0	2	0	0	2	0
sandy-pasch	State Assembly member, 22nd District	Wisconsin	democrat	0	0	0	2	1	0
stacey-abrams	House Minority Leader, Georgia General Assembly		democrat	0	0	0	2	0	1
larry-sabato	national political expert		none	0	0	0	1	0	1
fred-clark	State Assembly member, 42nd District	Wisconsin	democrat	1	0	1	1	0	0
dan-gecker	Chesterfield County supervisor	Virginia	democrat	0	1	0	0	0	1
sanford-bishop	Congressman	Georgia	democrat	0	1	0	1	0	1
ocean-state-policy-research-institute		Rhode Island	organization	0	2	0	0	1	0
eric-holder	Attorney General	Washington, D.C.	democrat	0	0	0	1	0	2
jd-alexander	State senator	Florida	republican	0	1	1	1	1	1
federation-american-immigration-reform			organization	1	0	1	0	0	0
rod-smith	Florida Democratic Party Chairman	Florida	democrat	0	1	1	1	0	0
jane-kidd			democrat	0	1	0	1	0	0
michael-madigan	Speaker of the House 	Illinois	democrat	1	0	0	1	0	0
alan-hays	state senator	Florida	republican	2	0	0	0	0	1
jorge-elorza	Law professor	Rhode Island	democrat	1	1	0	2	0	0
richard-burr	U.S. Senator	North Carolina	republican	0	0	1	1	0	0
matt-miller	Management consultant	California	none	0	0	0	1	0	1
tim-grendell	State senator	Ohio	republican	0	1	0	0	0	1
celia-israel	Realtor; Texas House member, District 50	Texas	democrat	0	0	1	0	1	0
amy-schumer			none	0	0	2	0	0	0
rhode-island-center-freedom-and-prosperity		Rhode Island	organization	1	0	1	0	0	0
patrick-kennedy	Congressman	Rhode Island	democrat	0	1	2	1	0	0
brian-kilmeade	Fox and Friends co-host		none	0	2	0	0	0	0
mike-collins	co-owner, Collins Industries	Georgia	republican	0	0	1	1	0	0
league-conservation-voters			organization	0	0	0	0	0	2
joseph-cryan	State Assemblyman	New Jersey	democrat	1	1	0	0	0	1
rich-lowry	Editor, National Review		none	1	0	0	0	0	1
david-frum	Senior editor, The Atlantic		none	0	0	1	1	0	0
jacky-rosen		Nevada	democrat	0	0	1	0	0	1
worldnetdaily			none	0	1	0	0	1	0
ernest-almonte	auditor	Rhode Island	independent	0	1	0	1	0	0
naral-pro-choice-america			organization	0	0	1	0	0	1
jeff-brandes	Director of real estate at Tibbetts Holdings LLC, his family's business	Florida	republican	0	0	1	1	0	1
janet-napolitano	Secretary of Homeland Security 		democrat	0	0	1	1	1	0
new-day-america		Ohio	organization	0	1	1	0	0	0
kevin-boyce	Ohio treasurer	Ohio	democrat	0	0	0	0	1	1
brian-robinson		Georgia	republican	1	1	0	0	0	1
beverly-hall			none	0	2	0	0	0	0
virginia-senate-democratic-caucus		Virginia	democrat	0	1	0	0	0	1
scott-jones	Sacramento County Sheriff	California	republican	0	1	1	0	0	0
whoopi-goldberg	The View co-host	New York 	talk-show-host	1	0	1	0	0	0
mark-sanford	Governor	South Carolina	republican	0	2	0	0	0	0
defenders-wildlife-action-fund-defenders-wildlife-			none	0	0	0	0	0	2
dianne-feinstein	U.S. Senator	California	democrat	0	1	0	2	0	0
william-howell	Speaker of the Virginia House	Virginia	republican	0	0	0	0	1	2
michael-chippendale	State Representative	Rhode Island	republican	0	1	0	1	0	1
Arizona-Citizens-Defense-League			organization	0	1	1	0	0	0
brad-avakian			state-official	0	1	0	1	0	0
breitbart			none	0	0	0	0	2	0
lenny-curry	chairman of the Republican Party of Florida	Florida	republican	0	1	1	0	0	0
xavier-becerra	U.S. Representative	California	democrat	0	0	0	1	0	1
don-lemon	CNN anchor	Georgia	journalist	0	1	0	0	0	1
amanda-fritz	Portland city commissioner		democrat	1	1	0	1	0	0
progressive-change-campaign-committee			none	0	0	1	1	0	0
peter-schweizer			none	0	1	0	0	0	1
matt-gaetz	State Representative	Florida	republican	0	0	1	1	0	0
billboard-spaghetti-junction		Georgia	organization	0	1	0	0	0	2
chris-van-hollen		Maryland	democrat	0	0	0	2	0	0
steve-doocy	Co-host of Fox New Channel's "Fox and Friends"	New York	journalist	0	2	0	0	0	0
physicians-committee-responsible-medicine			organization	0	1	1	0	0	0
yvette-mcgee-brown	Ohio Supreme Court justice	Ohio	democrat	0	0	0	0	0	3
richard-durbin	Senator	Illinois	democrat	0	1	0	0	1	0
annette-taddeo-goldstein	Miami-Dade County Democratic chair	Florida	democrat	1	0	1	0	0	0
bob-wirch	State Senator, 22nd District	Wisconsin	democrat	0	0	0	0	1	1
john-morgan	Attorney	Florida	democrat	1	1	0	0	0	0
texas-democratic-party	Political party	Texas	democrat	0	0	0	2	0	1
steve-doell	Executive Diretor of the Truth in Sentencing Project	Oregon	newsmaker	0	0	0	1	0	1
lois-frankel		Florida	democrat	1	0	0	0	1	0
barbara-lee	Congresswoman from California's 13th district	California	democrat	0	0	0	2	0	0
joe-negron	State Senator	Florida	republican	0	0	1	1	0	0
pam-stewart	interim commissioner of education	Florida	state-official	0	0	2	0	0	0
craig-james	Former ESPN analyst	Texas	republican	0	0	1	0	1	0
jennifer-beck			republican	0	2	0	0	0	0
joni-ernst	U.S. senator	Iowa	republican	2	1	0	1	0	0
sam-olens		Georgia	republican	0	1	0	0	0	2
james-carville	political consultant	Louisiana	democrat	2	1	0	1	0	0
tom-perriello	lawyer	Virginia	democrat	0	1	1	0	0	0
eugene-mckenna	President, Citizens Concerned About Casino Gambling	Rhode Island	newsmaker	0	0	0	1	0	1
moms-demand-action-gun-sense-america	advocacy group	Indiana	none	1	0	0	1	0	0
christopher-l-smith	State Senator	Florida	democrat	0	0	2	0	0	0
gavin-mcinnes			none	0	1	0	0	1	0
ken-paxton	Attorney general-elect	Texas	republican	0	2	0	1	0	1
erick-erickson			republican	1	2	0	0	0	1
tom-ganley	Businessman	Ohio	republican	1	1	0	0	0	1
chris-koster	Attorney general of Missouri	Missouri	democrat	0	0	0	1	0	1
jennifer-horn	Chairman, New Hampshire Republican Party	New Hampshire	republican	2	0	1	1	0	0
luis-garcia	state representative	Florida	democrat	1	0	0	1	0	0
rebecca-kleefisch	Candidate for lieutenant governor	Wisconsin	republican	1	3	3	0	1	1
bud-chiles		Florida	independent	0	0	1	0	0	2
charlie-hales	Senior vice president, HDR Engineering	Oregon	none	1	1	1	0	0	2
ending-spending-action-fund			independent	1	0	0	1	0	0
charles-van-zant	Member of Florida House of Representatives	Florida	republican	0	1	1	0	0	0
holly-turner	Lawyer	Texas	republican	0	1	0	0	0	1
naacp			organization	0	0	0	1	0	1
david-simpson	Texas House Representative	Texas	republican	0	0	0	1	0	1
patrick-mchenry	U.S. Congressman	North Carolina	republican	0	1	0	2	0	0
conservative-solutions-pac		Florida	organization	3	0	1	0	0	0
barbara-comstock	State delegate	Virginia	republican	1	1	0	0	0	1
scott-fitzgerald	State Senator, 13th District	Wisconsin	republican	1	1	0	0	0	0
bob-marshall	State delegate	Virginia	republican	0	2	0	0	1	0
moms-rising			democrat	0	1	0	1	0	0
florida-stop-common-core-coalition		Florida	none	0	0	1	0	1	0
mary-matalin			republican	1	1	0	0	0	0
tom-rooney	Congressman	Florida	republican	1	0	0	1	0	0
cecile-richards	president, Planned Parenthood Federation of America	New York	democrat	0	0	2	2	0	0
promote-oregon-leadership-pac-oregon-house-republi	Political action committee	Oregon	republican	1	1	1	0	0	1
steve-oroho	State Senator	New Jersey	republican	1	0	0	1	0	0
colin-van-ostern	Executive Councilor	New Hampshire	democrat	2	0	0	0	0	0
rob-woodall	U.S. Representative	Georgia	republican	0	0	1	0	0	1
mike-stenhouse	chief executive officer, R.I. Center for Freedom and ProsperityState Policy Research Institute	Rhode Island	newsmaker	1	1	1	0	1	1
ed-lindsey	State Representative	Georgia	republican	0	0	0	1	0	3
arne-duncan	U.S. Secretary of Education	Illinois	democrat	0	2	1	2	0	0
charles-bass	U.S. Representative 	New Hampshire	republican	2	2	0	0	0	0
seth-magaziner	investment advisor	Rhode Island	democrat	0	0	0	1	0	1
paul-doughty	President, International Association of Firefighters Local 799	Rhode Island	labor-leader	0	0	0	1	0	1
charles-koch	Koch Industries	Kansas	none	1	1	0	0	0	0
thom-hartmann	Radio/TV host		none	0	0	0	1	1	0
united-care			organization	1	0	0	1	0	0
donna-seidel	State Assembly, District 85	Wisconsin	democrat	0	1	0	0	0	1
anita-perry	First Lady of Texas	Texas	republican	0	0	1	1	0	0
right-rise			republican	0	0	1	0	0	1
larry-pratt	Executive director, Gun Owners of America		none	0	1	1	0	0	0
presente			none	0	1	0	0	0	1
jeff-tittel	Director of the New Jersey Sierra Club		none	0	0	1	0	1	0
john-eaves	Fulton County Board of Commissioners Chairman	Georgia	democrat	0	0	0	1	0	1
barney-frank	U.S. Representative	Massachusetts	democrat	1	0	2	0	0	0
jay-hottinger	State representative	Ohio	republican	0	1	0	0	1	1
james-florio	Former governor of New Jersey	New Jersey	democrat	0	0	0	1	0	1
oregon-senate-republicans		Oregon	republican	1	0	0	1	0	0
dave-joyce	Member of Congress	Ohio	republican	0	0	0	0	0	2
ron-dermer	Israeli ambassador to the United States		none	2	0	0	0	0	0
colin-powell			republican	0	0	1	0	0	1
john-charles	President and CEO of Cascade Policy Institute	Oregon	libertarian	0	0	1	1	0	0
elizabeth-ames-jones		Texas	republican	1	1	0	0	0	0
mark-herring	State senator	Virginia	democrat	0	1	0	1	0	1
laura-tyson	Professor at the Haas School of Business at the University of California (Berkeley)	California	democrat	0	0	1	1	0	0
arlen-specter	Senator	Pennsylvania	democrat	0	1	0	1	0	0
dean-cannon	state House speaker	Florida	republican	1	0	0	0	0	1
mary-taylor	Lieutenant governor of Ohio	Ohio	republican	1	0	1	0	0	0
future-pac-oregon-house-democrats	campaign committee	Oregon	democrat	2	0	0	0	0	0
anna-little	Immigration Attorney	New Jersey	republican	1	1	0	0	0	0
john-oxendine		Georgia	republican	0	0	1	0	0	1
tom-delay	Former U.S. House member	Texas	republican	0	0	1	0	1	0
shaun-donovan	Secretary of Housing and Urban Development	New York	democrat	0	0	1	1	0	0
janet-adkins	state representative	Florida	republican	1	0	1	1	0	0
pete-sessions	U.S. House representative	Texas	republican	1	0	1	0	0	0
tony-perkins			republican	0	1	1	0	0	0
joseph-trillo	minority whip, Rhode Island House of Representatives	Rhode Island	republican	0	0	1	0	1	0
ameripac			none	0	0	1	0	1	0
creative-advocacy-network		Oregon	none	0	0	1	1	0	0
morgan-griffith	U.S. Congressman	Virginia	republican	0	1	1	0	0	1
tim-echols	Public Service Commissioner	Georgia	republican	0	0	1	1	0	0
mahlon-mitchell			democrat	0	0	0	0	0	2
bill-flores	Businessman	Texas	republican	1	1	0	0	0	0
tennessee-republican-party		Tennessee	republican	1	1	0	0	0	0
